Period,Month,Average_Price_All_Types,Yearly_Percentage_Change_Ave_All_Types,Monthly_Percentage_Change_Ave_All_Types,HPI_All_Types,Sales_Volume_All_Types,Average_Price_Detached,Yearly_Percentage_Change_Ave_Detached,Monthly_Percentage_Change_Ave_Detached,HPI_Detached,Average_Price_Semi_Detached,Yearly_Percentage_Change_Ave_Semi_Detached,Monthly_Percentage_Change_Ave_Semi_Detached,HPI_ Semi_Detached,Average_Price_Terraced,Yearly_Average_Percentage_Change_Terraced,Monthly_Average_Percentage_Change_Terraced,HPI_Terraced,Average_Price_Flats_Maisonettes,Yearly_Percentage_Change__Flats_Maisonettes,Monthly_Percentage_Change__Flats_Maisonettes,HPI_Flats_Maisonettes
1996,1,75342,1.22,0.22,18.7,7690,159926,-0.94,0.71,21.51,96393,0.52,-0.04,20.43,74754,1.42,0.67,18.28,65870,1.94,-0.24,18.2
1996,2,76087,4.55,0.99,18.89,7608,159662,1.41,-0.17,21.48,97498,1.47,1.15,20.66,75122,1.85,0.49,18.37,66992,10.99,1.7,18.51
1996,3,75691,2.43,-0.52,18.79,9815,161107,3.21,0.91,21.67,97079,2.21,-0.43,20.57,75029,1.98,-0.12,18.35,66097,2.98,-1.34,18.27
1996,4,76767,3.11,1.42,19.06,9416,160304,2.15,-0.5,21.56,97381,2.3,0.31,20.64,75761,2.39,0.98,18.53,68172,4.72,3.14,18.84
1996,5,77215,2.36,0.58,19.17,11110,160540,1.11,0.15,21.59,98333,1.66,0.98,20.84,76984,2.56,1.61,18.82,67630,2.91,-0.79,18.69
1996,6,78139,3.35,1.2,19.4,10712,163374,3.19,1.77,21.97,99096,2.64,0.78,21,76944,3.03,-0.05,18.81,69564,4.24,2.86,19.23
1996,7,78799,3.7,0.84,19.56,12624,167042,3.18,2.24,22.47,100384,2.84,1.3,21.27,77796,2.68,1.11,19.02,69523,5.67,-0.06,19.21
1996,8,79058,4.67,0.33,19.62,13021,168725,4.8,1.01,22.69,101125,4.18,0.74,21.43,78590,4.64,1.02,19.22,68901,5.05,-0.89,19.04
1996,9,79752,6.42,0.88,19.8,11820,169961,6.34,0.73,22.86,101873,5.97,0.74,21.59,78910,5.73,0.41,19.3,69975,7.6,1.56,19.34
1996,10,79504,7,-0.31,19.74,12767,171030,6.72,0.63,23,101781,6.14,-0.09,21.57,78586,7.22,-0.41,19.22,69598,7.42,-0.54,19.23
1996,11,80224,8.24,0.91,19.91,13342,168697,7.33,-1.36,22.69,102161,7.36,0.37,21.65,79649,8.91,1.35,19.48,70450,8.25,1.22,19.47
1996,12,81417,8.3,1.49,20.21,13028,171030,7.7,1.38,23,104399,8.26,2.19,22.12,80634,8.59,1.24,19.72,71374,8.1,1.31,19.73
1997,1,83066,10.25,2.03,20.62,10762,176010,10.06,2.91,23.67,105732,9.69,1.28,22.41,82195,9.95,1.94,20.1,73141,11.04,2.47,20.21
1997,2,83579,9.85,0.62,20.75,10495,176433,10.5,0.24,23.73,105446,8.15,-0.27,22.34,82178,9.39,-0.02,20.09,74410,11.07,1.74,20.56
1997,3,84576,11.74,1.19,20.99,11648,177667,10.28,0.7,23.9,106903,10.12,1.38,22.65,83576,11.39,1.7,20.44,74926,13.36,0.69,20.71
1997,4,86088,12.14,1.79,21.37,12206,180373,12.52,1.52,24.26,108927,11.86,1.89,23.08,84904,12.07,1.59,20.76,76393,12.06,1.96,21.11
1997,5,88544,14.67,2.85,21.98,13154,186373,16.09,3.33,25.07,112329,14.23,3.12,23.8,87397,13.53,2.94,21.37,78356,15.86,2.57,21.65
1997,6,89231,14.2,0.78,22.15,13732,190062,16.34,1.98,25.56,113227,14.26,0.8,23.99,88606,15.16,1.38,21.67,78377,12.67,0.03,21.66
1997,7,92129,16.92,3.25,22.87,15757,196287,17.51,3.28,26.4,117350,16.9,3.64,24.87,91655,17.82,3.44,22.41,80620,15.96,2.86,22.28
1997,8,92120,16.52,-0.01,22.87,14233,198166,17.45,0.96,26.65,118155,16.84,0.69,25.04,91214,16.06,-0.48,22.3,80570,16.94,-0.06,22.27
1997,9,94180,18.09,2.24,23.38,13516,203053,19.47,2.47,27.31,120516,18.3,2,25.54,92998,17.85,1.96,22.74,82656,18.12,2.59,22.84
1997,10,93918,18.13,-0.28,23.31,14096,202832,18.59,-0.11,27.28,120574,18.46,0.05,25.55,92778,18.06,-0.24,22.69,82234,18.16,-0.51,22.73
1997,11,95034,18.46,1.19,23.59,11985,206280,22.28,1.7,27.75,121845,19.27,1.05,25.82,93593,17.51,0.88,22.89,83446,18.45,1.47,23.06
1997,12,96863,18.97,1.92,24.04,12759,206669,20.84,0.19,27.8,124400,19.16,2.1,26.36,95777,18.78,2.33,23.42,84874,18.91,1.71,23.46
1998,1,97914,17.88,1.08,24.31,9867,212537,20.75,2.84,28.59,124936,18.16,0.43,26.47,97066,18.09,1.35,23.74,85657,17.11,0.92,23.67
1998,2,96944,15.99,-0.99,24.06,9419,205692,16.58,-3.22,27.67,123670,17.28,-1.01,26.21,95203,15.85,-1.92,23.28,85674,15.14,0.02,23.68
1998,3,98934,16.98,2.05,24.56,11654,209210,17.75,1.71,28.14,125718,17.6,1.66,26.64,97449,16.6,2.36,23.83,87389,16.63,2,24.15
1998,4,101287,17.66,2.38,25.14,11829,214790,19.08,2.67,28.89,128936,18.37,2.56,27.32,99850,17.6,2.46,24.42,89317,16.92,2.21,24.68
1998,5,101077,14.16,-0.21,25.09,12242,212891,14.23,-0.88,28.63,129081,14.91,0.11,27.35,100178,14.62,0.33,24.5,88700,13.2,-0.69,24.51
1998,6,102891,15.31,1.79,25.54,13441,216398,13.86,1.65,29.11,130638,15.38,1.21,27.68,101331,14.36,1.15,24.78,90979,16.08,2.57,25.14
1998,7,104368,13.28,1.44,25.91,14954,223821,14.03,3.43,30.1,133832,14.05,2.45,28.36,103116,12.5,1.76,25.21,91489,13.48,0.56,25.28
1998,8,104078,12.98,-0.28,25.84,12931,226677,14.39,1.28,30.49,133532,13.01,-0.22,28.3,102886,12.8,-0.22,25.16,91022,12.97,-0.51,25.16
1998,9,104611,11.08,0.51,25.97,13122,226350,11.47,-0.14,30.45,134219,11.37,0.51,28.44,103312,11.09,0.41,25.26,91626,10.85,0.66,25.32
1998,10,104179,10.93,-0.41,25.86,12601,225428,11.14,-0.41,30.32,133839,11,-0.28,28.36,101990,9.93,-1.28,24.94,91844,11.69,0.24,25.38
1998,11,104259,9.71,0.08,25.88,11801,225927,9.52,0.22,30.39,134036,10.01,0.15,28.4,101945,8.92,-0.04,24.93,91965,10.21,0.13,25.42
1998,12,104785,8.18,0.5,26.01,12081,221985,7.41,-1.74,29.86,134030,7.74,0,28.4,103013,7.55,1.05,25.19,92440,8.92,0.52,25.55
1999,1,105695,7.95,0.87,26.24,9310,226545,6.59,2.05,30.47,134708,7.82,0.51,28.55,103316,6.44,0.29,25.26,93692,9.38,1.35,25.89
1999,2,105273,8.59,-0.4,26.13,9497,225504,9.63,-0.46,30.33,134203,8.52,-0.37,28.44,102843,8.03,-0.46,25.15,93355,8.97,-0.36,25.8
1999,3,107398,8.55,2.02,26.66,12774,227657,8.82,0.95,30.62,136004,8.18,1.34,28.82,105074,7.82,2.17,25.69,95485,9.26,2.28,26.39
1999,4,109621,8.23,2.07,27.21,12763,232531,8.26,2.14,31.28,138706,7.58,1.99,29.39,108147,8.31,2.92,26.44,96874,8.46,1.45,26.77
1999,5,111216,10.03,1.45,27.61,12722,232262,9.1,-0.12,31.24,139800,8.3,0.79,29.62,109229,9.03,1,26.71,99033,11.65,2.23,27.37
1999,6,113319,10.13,1.89,28.13,15578,240343,11.07,3.48,32.33,143345,9.73,2.54,30.38,111644,10.18,2.21,27.3,100255,10.2,1.23,27.71
1999,7,117033,12.13,3.28,29.05,18420,249454,11.45,3.79,33.55,147256,10.03,2.73,31.2,115453,11.96,3.41,28.23,103599,13.24,3.34,28.63
1999,8,119358,14.68,1.99,29.63,16329,252272,11.29,1.13,33.93,149578,12.02,1.58,31.7,117728,14.43,1.97,28.79,105931,16.38,2.25,29.28
1999,9,122611,17.21,2.73,30.44,15627,260347,15.02,3.2,35.02,152521,13.64,1.97,32.32,119663,15.83,1.64,29.26,109954,20,3.8,30.39
1999,10,123002,18.07,0.32,30.53,15681,261720,16.1,0.53,35.2,154879,15.72,1.55,32.82,119887,17.55,0.19,29.32,109870,19.63,-0.08,30.36
1999,11,125792,20.65,2.27,31.23,15251,267166,18.25,2.08,35.93,158051,17.92,2.05,33.49,123329,20.98,2.87,30.16,111981,21.76,1.92,30.95
1999,12,127918,22.08,1.69,31.75,15124,265355,19.54,-0.68,35.69,159147,18.74,0.69,33.72,124726,21.08,1.13,30.5,115071,24.48,2.76,31.8
2000,1,130411,23.38,1.95,32.37,11333,280980,24.03,5.89,37.79,165413,22.79,3.94,35.05,127833,23.73,2.49,31.26,115506,23.28,0.38,31.92
2000,2,132705,26.06,1.76,32.94,11414,279796,24.08,-0.42,37.63,165391,23.24,-0.01,35.05,129708,26.12,1.47,31.72,118641,27.08,2.71,32.79
2000,3,134286,25.04,1.19,33.33,14645,284608,25.02,1.72,38.28,168433,23.84,1.84,35.69,131957,25.58,1.73,32.27,119340,24.98,0.59,32.98
2000,4,140670,28.32,4.75,34.92,12667,293946,26.41,3.28,39.54,174235,25.61,3.44,36.92,136659,26.36,3.56,33.42,126608,30.69,6.09,34.99
2000,5,140862,26.66,0.14,34.97,13099,297670,28.16,1.27,40.04,176792,26.46,1.47,37.46,137401,25.79,0.54,33.6,125794,27.02,-0.64,34.77
2000,6,143542,26.67,1.9,35.63,14270,298774,24.31,0.37,40.19,179057,24.91,1.28,37.94,139575,25.02,1.58,34.13,128870,28.54,2.44,35.62
2000,7,146228,24.95,1.87,36.3,13278,313017,25.48,4.77,42.1,183384,24.53,2.42,38.86,142702,23.6,2.24,34.89,130434,25.9,1.21,36.05
2000,8,147284,23.4,0.72,36.56,12690,311885,23.63,-0.36,41.95,184296,23.21,0.5,39.05,142302,20.87,-0.28,34.8,132453,25.04,1.55,36.61
2000,9,147316,20.15,0.02,36.57,11521,314775,20.91,0.93,42.34,183347,20.21,-0.52,38.85,142656,19.22,0.25,34.88,132409,20.42,-0.03,36.59
2000,10,145626,18.39,-1.15,36.15,11068,314817,20.29,0.01,42.34,184698,19.25,0.74,39.14,141042,17.65,-1.13,34.49,129962,18.29,-1.85,35.92
2000,11,147666,17.39,1.4,36.66,11301,314211,17.61,-0.19,42.26,182742,15.62,-1.06,38.72,141687,14.89,0.46,34.65,133810,19.49,2.96,36.98
2000,12,147483,15.3,-0.12,36.61,11983,307562,15.91,-2.12,41.37,182542,14.7,-0.11,38.68,141993,13.84,0.22,34.72,133575,16.08,-0.18,36.92
2001,1,149543,14.67,1.4,37.12,10315,313677,11.64,1.99,42.19,185344,12.05,1.54,39.28,144786,13.26,1.97,35.4,134820,16.72,0.93,37.26
2001,2,149776,12.86,0.16,37.18,9963,316859,13.25,1.01,42.62,187191,13.18,1,39.67,145438,12.13,0.45,35.56,134244,13.15,-0.43,37.1
2001,3,150941,12.4,0.78,37.47,12882,312590,9.83,-1.35,42.04,186613,10.79,-0.31,39.54,146149,10.76,0.49,35.74,136351,14.25,1.57,37.68
2001,4,152865,8.67,1.27,37.95,12330,317568,8.04,1.59,42.71,187982,7.89,0.73,39.83,148477,8.65,1.59,36.31,137996,8.99,1.21,38.14
2001,5,157156,11.57,2.81,39.01,13965,320126,7.54,0.81,43.06,192150,8.69,2.22,40.72,152402,10.92,2.64,37.27,142572,13.34,3.32,39.4
2001,6,158760,10.6,1.02,39.41,15564,321946,7.76,0.57,43.3,193754,8.21,0.83,41.06,152838,9.5,0.29,37.37,144946,12.48,1.67,40.06
2001,7,161122,10.19,1.49,40,16048,337102,7.69,4.71,45.34,199554,8.82,2.99,42.29,156018,9.33,2.08,38.15,145315,11.41,0.25,40.16
2001,8,164628,11.78,2.18,40.87,17306,340860,9.29,1.11,45.85,201833,9.52,1.14,42.77,159357,11.99,2.14,38.97,149188,12.63,2.67,41.23
2001,9,164820,11.88,0.12,40.91,13820,344116,9.32,0.96,46.29,202792,10.61,0.48,42.97,159498,11.81,0.09,39,149093,12.6,-0.06,41.2
2001,10,166189,14.12,0.83,41.25,14320,348354,10.65,1.23,46.86,205977,11.52,1.57,43.65,161134,14.25,1.03,39.4,149680,15.17,0.39,41.37
2001,11,167214,13.24,0.62,41.51,14294,346501,10.28,-0.53,46.61,206766,13.15,0.38,43.82,161179,13.76,0.03,39.41,151527,13.24,1.23,41.88
2001,12,167693,13.7,0.29,41.63,11937,340664,10.76,-1.68,45.82,205384,12.51,-0.67,43.52,160381,12.95,-0.5,39.22,153617,15,1.38,42.45
2002,1,169841,13.57,1.28,42.16,10337,352528,12.39,3.48,47.42,210722,13.69,2.6,44.65,163445,12.89,1.91,39.97,153883,14.14,0.17,42.53
2002,2,170502,13.84,0.39,42.32,10786,347520,9.68,-1.42,46.74,209278,11.8,-0.69,44.35,164721,13.26,0.78,40.28,154884,15.38,0.65,42.8
2002,3,172749,14.45,1.32,42.88,13747,351801,12.54,1.23,47.32,211962,13.58,1.28,44.92,166555,13.96,1.11,40.73,157187,15.28,1.49,43.44
2002,4,178218,16.58,3.17,44.24,14025,359916,13.34,2.31,48.41,217092,15.49,2.42,46,170602,14.9,2.43,41.72,163549,18.52,4.05,45.2
2002,5,182805,16.32,2.57,45.38,17735,367527,14.81,2.11,49.43,223779,16.46,3.08,47.42,175772,15.33,3.03,42.98,166997,17.13,2.11,46.15
2002,6,186038,17.18,1.77,46.18,14368,369726,14.84,0.6,49.73,224529,15.88,0.33,47.58,178283,16.65,1.43,43.6,171396,18.25,2.63,47.37
2002,7,191162,18.64,2.75,47.45,18061,389899,15.66,5.46,52.44,233908,17.21,4.18,49.57,184737,18.41,3.62,45.17,173793,19.6,1.4,48.03
2002,8,195333,18.65,2.18,48.49,17567,394662,15.78,1.22,53.08,239197,18.51,2.26,50.69,189142,18.69,2.38,46.25,177432,18.93,2.09,49.04
2002,9,197045,19.55,0.88,48.91,15091,399194,16.01,1.15,53.69,242636,19.65,1.44,51.42,190416,19.39,0.67,46.56,178855,19.96,0.8,49.43
2002,10,199092,19.8,1.04,49.42,14509,404694,16.17,1.38,54.43,246998,19.92,1.8,52.34,192683,19.58,1.19,47.12,179988,20.25,0.63,49.74
2002,11,202527,21.12,1.73,50.27,14324,412507,19.05,1.93,55.48,248842,20.35,0.75,52.73,195211,21.11,1.31,47.73,184228,21.58,2.36,50.91
2002,12,203437,21.32,0.45,50.5,13443,407963,19.76,-1.1,54.87,252359,22.87,1.41,53.48,196414,22.47,0.62,48.03,184471,20.08,0.13,50.98
2003,1,207162,21.97,1.83,51.42,11365,419137,18.89,2.74,56.38,254641,20.84,0.9,53.96,202041,23.61,2.86,49.4,186926,21.47,1.33,51.66
2003,2,206464,21.09,-0.34,51.25,10320,414982,19.41,-0.99,55.82,256602,22.61,0.77,54.38,200114,21.49,-0.95,48.93,186523,20.43,-0.22,51.55
2003,3,205573,19,-0.43,51.03,10600,415288,18.05,0.07,55.86,255085,20.34,-0.59,54.05,199740,19.92,-0.19,48.84,185407,17.95,-0.6,51.24
2003,4,207953,16.69,1.16,51.62,10380,415921,15.56,0.15,55.94,258067,18.87,1.17,54.69,201120,17.89,0.69,49.18,188347,15.16,1.59,52.05
2003,5,210583,15.2,1.26,52.27,11169,418968,14,0.73,56.35,261553,16.88,1.35,55.43,205740,17.05,2.3,50.31,189359,13.39,0.54,52.33
2003,6,208941,12.31,-0.78,51.87,11990,417655,12.96,-0.31,56.18,259215,15.45,-0.89,54.93,202891,13.8,-1.38,49.61,188717,10.11,-0.34,52.15
2003,7,213806,11.85,2.33,53.07,13468,426441,9.37,2.1,57.36,266051,13.74,2.64,56.38,208794,13.02,2.91,51.06,192154,10.56,1.82,53.1
2003,8,212692,8.89,-0.52,52.8,14417,423770,7.38,-0.63,57,264469,10.57,-0.59,56.04,208159,10.05,-0.3,50.9,190918,7.6,-0.64,52.76
2003,9,212901,8.05,0.1,52.85,14741,428779,7.41,1.18,57.67,266092,9.67,0.61,56.39,208553,9.52,0.19,51,190449,6.48,-0.25,52.63
2003,10,214608,7.79,0.8,53.27,15741,427660,5.67,-0.26,57.52,267387,8.25,0.49,56.66,210387,9.19,0.88,51.45,192263,6.82,0.95,53.13
2003,11,215556,6.43,0.44,53.51,14754,425184,3.07,-0.58,57.19,267314,7.42,-0.03,56.65,211536,8.36,0.55,51.73,193463,5.01,0.62,53.47
2003,12,216971,6.65,0.66,53.86,14839,420852,3.16,-1.02,56.61,267879,6.15,0.21,56.77,211690,7.78,0.07,51.76,196159,6.34,1.39,54.21
2004,1,218855,5.64,0.87,54.33,12767,434342,3.63,3.21,58.42,271332,6.55,1.29,57.5,214541,6.19,1.35,52.46,196490,5.12,0.17,54.3
2004,2,219804,6.46,0.43,54.56,12160,434984,4.82,0.15,58.51,273084,6.42,0.65,57.87,216428,8.15,0.88,52.92,196693,5.45,0.1,54.36
2004,3,221324,7.66,0.69,54.94,14409,432135,4.06,-0.66,58.12,271383,6.39,-0.62,57.51,217492,8.89,0.49,53.18,199326,7.51,1.34,55.09
2004,4,225863,8.61,2.05,56.07,14873,435578,4.73,0.8,58.59,278620,7.96,2.67,59.04,223420,11.09,2.73,54.63,202365,7.44,1.52,55.93
2004,5,227330,7.95,0.65,56.43,13613,430197,2.68,-1.24,57.86,279298,6.78,0.24,59.19,224193,8.97,0.35,54.82,204628,8.06,1.12,56.55
2004,6,230156,10.15,1.24,57.13,16163,438283,4.94,1.88,58.95,281838,8.73,0.91,59.72,225947,11.36,0.78,55.25,207895,10.16,1.6,57.45
2004,7,233877,9.39,1.62,58.06,17612,447529,4.95,2.11,60.19,288388,8.4,2.32,61.11,231683,10.96,2.54,56.65,209501,9.03,0.77,57.9
2004,8,234836,10.41,0.41,58.29,15020,452951,6.89,1.21,60.92,288655,9.15,0.09,61.17,232422,11.66,0.32,56.83,210563,10.29,0.51,58.19
2004,9,234134,9.97,-0.3,58.12,13500,451595,5.32,-0.3,60.74,288161,8.29,-0.17,61.06,231902,11.2,-0.22,56.71,209748,10.13,-0.39,57.97
2004,10,232287,8.24,-0.79,57.66,12031,448530,4.88,-0.68,60.33,286511,7.15,-0.57,60.71,230059,9.35,-0.79,56.26,207943,8.16,-0.86,57.47
2004,11,234718,8.89,1.05,58.26,10790,449256,5.66,0.16,60.43,287896,7.7,0.48,61.01,231718,9.54,0.72,56.66,211065,9.1,1.5,58.33
2004,12,230185,6.09,-1.93,57.14,10859,441332,4.87,-1.76,59.36,282435,5.43,-1.9,59.85,227556,7.49,-1.8,55.64,206756,5.4,-2.04,57.14
2005,1,232422,6.2,0.97,57.69,8020,448212,3.19,1.56,60.29,284417,4.82,0.7,60.27,230578,7.48,1.33,56.38,208376,6.05,0.78,57.59
2005,2,231321,5.24,-0.47,57.42,7829,442730,1.78,-1.22,59.55,283523,3.82,-0.31,60.08,229239,5.92,-0.58,56.06,207548,5.52,-0.4,57.36
2005,3,231263,4.49,-0.03,57.41,9361,440100,1.84,-0.59,59.2,282278,4.01,-0.44,59.82,229777,5.65,0.23,56.19,207511,4.11,-0.02,57.35
2005,4,235367,4.21,1.77,58.43,10290,443176,1.74,0.7,59.61,286920,2.98,1.64,60.8,234290,4.87,1.96,57.29,211199,4.37,1.78,58.37
2005,5,235685,3.68,0.14,58.5,10649,447963,4.13,1.08,60.25,288344,3.24,0.5,61.1,233940,4.35,-0.15,57.2,211479,3.35,0.13,58.45
2005,6,235899,2.5,0.09,58.56,12308,443028,1.08,-1.1,59.59,287519,2.02,-0.29,60.93,235917,4.41,0.85,57.69,211100,1.54,-0.18,58.34
2005,7,237872,1.71,0.84,59.05,13536,449202,0.37,1.39,60.42,290947,0.89,1.19,61.65,237279,2.42,0.58,58.02,212892,1.62,0.85,58.84
2005,8,237971,1.34,0.04,59.07,13208,449857,-0.68,0.15,60.51,288600,-0.02,-0.81,61.16,237217,2.06,-0.03,58.01,213620,1.45,0.34,59.04
2005,9,236916,1.19,-0.44,58.81,13541,451638,0.01,0.4,60.75,290297,0.74,0.59,61.52,237361,2.35,0.06,58.04,211176,0.68,-1.14,58.36
2005,10,234298,0.87,-1.1,58.16,12382,442924,-1.25,-1.93,59.58,286183,-0.11,-1.42,60.64,234167,1.79,-1.35,57.26,209507,0.75,-0.79,57.9
2005,11,236561,0.79,0.97,58.72,12568,445427,-0.85,0.57,59.91,288242,0.12,0.72,61.08,236536,2.08,1.01,57.84,211694,0.3,1.04,58.5
2005,12,238377,3.56,0.77,59.17,13144,438936,-0.54,-1.46,59.04,285358,1.03,-1,60.47,237127,4.21,0.25,57.98,215567,4.26,1.83,59.58
2006,1,239846,3.19,0.62,59.54,10862,454025,1.3,3.44,61.07,291590,2.52,2.18,61.79,240015,4.09,1.22,58.69,214584,2.98,-0.46,59.3
2006,2,239115,3.37,-0.3,59.36,10885,448642,1.34,-1.19,60.34,289915,2.25,-0.57,61.44,238395,3.99,-0.68,58.29,214773,3.48,0.09,59.36
2006,3,241380,4.37,0.95,59.92,13982,454096,3.18,1.22,61.08,292056,3.46,0.74,61.89,241348,5.04,1.24,59.02,216507,4.34,0.81,59.84
2006,4,245474,4.29,1.7,60.93,11953,455431,2.77,0.29,61.26,296200,3.23,1.42,62.77,245745,4.89,1.82,60.09,220453,4.38,1.82,60.93
2006,5,247591,5.05,0.86,61.46,13349,460366,2.77,1.08,61.92,297797,3.28,0.54,63.11,247011,5.59,0.52,60.4,223018,5.46,1.16,61.63
2006,6,251417,6.58,1.55,62.41,16075,465913,5.17,1.2,62.67,301279,4.79,1.17,63.84,251705,6.69,1.9,61.55,226295,7.2,1.47,62.54
2006,7,253883,6.73,0.98,63.02,16182,473171,5.34,1.56,63.64,306203,5.24,1.63,64.89,255910,7.85,1.67,62.58,226972,6.61,0.3,62.73
2006,8,256704,7.87,1.11,63.72,16833,478540,6.38,1.13,64.37,308896,7.03,0.88,65.46,257927,8.73,0.79,63.07,230115,7.72,1.39,63.6
2006,9,257541,8.71,0.33,63.93,15674,483177,6.98,0.97,64.99,310130,6.83,0.4,65.72,257836,8.63,-0.04,63.05,231214,9.49,0.48,63.9
2006,10,259115,10.59,0.61,64.32,15193,483203,9.09,0.01,64.99,311206,8.74,0.35,65.95,259231,10.7,0.54,63.39,233036,11.23,0.79,64.4
2006,11,258814,9.41,-0.12,64.25,15230,484883,8.86,0.35,65.22,312651,8.47,0.46,66.25,260129,9.97,0.35,63.61,231582,9.39,-0.62,64
2006,12,264494,10.96,2.19,65.66,15232,491261,11.92,1.32,66.08,316458,10.9,1.22,67.06,264717,11.63,1.76,64.73,238180,10.49,2.85,65.82
2007,1,267658,11.6,1.2,66.44,12794,496475,9.35,1.06,66.78,319628,9.62,1,67.73,268351,11.81,1.37,65.62,240937,12.28,1.16,66.59
2007,2,270780,13.24,1.17,67.22,12194,501729,11.83,1.06,67.48,322708,11.31,0.96,68.38,269149,12.9,0.3,65.81,245120,14.13,1.74,67.74
2007,3,273479,13.3,1,67.89,14546,506544,11.55,0.96,68.13,325473,11.44,0.86,68.97,274191,13.61,1.87,67.05,246442,13.83,0.54,68.11
2007,4,278805,13.58,1.95,69.21,12568,512600,12.55,1.2,68.95,330825,11.69,1.64,70.1,280670,14.21,2.36,68.63,251019,13.86,1.86,69.37
2007,5,282726,14.19,1.41,70.18,14059,515304,11.93,0.53,69.31,334101,12.19,0.99,70.8,282458,14.35,0.64,69.07,256149,14.86,2.04,70.79
2007,6,285958,13.74,1.14,70.98,15799,524980,12.68,1.88,70.61,337493,12.02,1.02,71.52,285874,13.58,1.21,69.9,258918,14.42,1.08,71.56
2007,7,295694,16.47,3.4,73.4,16037,547759,15.76,4.34,73.68,350983,14.62,4,74.38,296015,15.67,3.55,72.38,266890,17.59,3.08,73.76
2007,8,297653,15.95,0.66,73.89,16824,546248,14.15,-0.28,73.47,350162,13.36,-0.23,74.2,298971,15.91,1,73.11,269035,16.91,0.8,74.35
2007,9,298414,15.87,0.26,74.08,13748,552891,14.43,1.22,74.37,351709,13.41,0.44,74.53,297548,15.4,-0.48,72.76,270506,16.99,0.55,74.76
2007,10,298559,15.22,0.05,74.11,13890,555873,15.04,0.54,74.77,351538,12.96,-0.05,74.49,297591,14.8,0.01,72.77,270658,16.14,0.06,74.8
2007,11,297648,15,-0.31,73.89,13174,560486,15.59,0.83,75.39,354894,13.51,0.95,75.2,296952,14.16,-0.21,72.61,268479,15.93,-0.81,74.2
2007,12,297994,12.67,0.12,73.97,9938,551709,12.3,-1.57,74.21,352333,11.34,-0.72,74.66,296305,11.93,-0.22,72.45,270329,13.5,0.69,74.71
2008,1,298596,11.56,0.2,74.12,8541,562436,13.29,1.94,75.65,354015,10.76,0.48,75.02,298254,11.14,0.66,72.93,269578,11.89,-0.28,74.5
2008,2,295700,9.2,-0.97,73.4,8773,552961,10.21,-1.68,74.38,351217,8.83,-0.79,74.43,294639,9.47,-1.21,72.05,267322,9.06,-0.84,73.88
2008,3,293605,7.36,-0.71,72.88,8002,547952,8.17,-0.91,73.7,349568,7.4,-0.47,74.08,294811,7.52,0.06,72.09,264226,7.22,-1.16,73.02
2008,4,294346,5.57,0.25,73.07,8074,557690,8.8,1.78,75.01,349515,5.65,-0.01,74.06,294697,5,-0.04,72.06,265191,5.65,0.37,73.29
2008,5,295163,4.4,0.28,73.27,8075,550050,6.74,-1.37,73.98,350758,4.99,0.36,74.33,295286,4.54,0.2,72.21,266306,3.97,0.42,73.6
2008,6,290100,1.45,-1.72,72.01,7540,542550,3.35,-1.36,72.98,344894,2.19,-1.67,73.09,291896,2.11,-1.15,71.38,260848,0.75,-2.05,72.09
2008,7,290261,-1.84,0.06,72.05,6935,546197,-0.29,0.67,73.47,343508,-2.13,-0.4,72.79,288804,-2.44,-1.06,70.62,262734,-1.56,0.72,72.61
2008,8,281721,-5.35,-2.94,69.93,5982,532326,-2.55,-2.54,71.6,335791,-4.1,-2.25,71.16,281308,-5.91,-2.6,68.79,253968,-5.6,-3.34,70.19
2008,9,276487,-7.35,-1.86,68.63,5191,524235,-5.18,-1.52,70.51,326819,-7.08,-2.67,69.26,274565,-7.72,-2.4,67.14,250460,-7.41,-1.38,69.22
2008,10,266999,-10.57,-3.43,66.28,5225,506702,-8.85,-3.34,68.15,316158,-10.06,-3.26,67,262929,-11.65,-4.24,64.29,242805,-10.29,-3.06,67.1
2008,11,258647,-13.1,-3.13,64.2,4078,493046,-12.03,-2.69,66.32,308780,-12.99,-2.33,65.43,257811,-13.18,-1.95,63.04,233135,-13.16,-3.98,64.43
2008,12,253881,-14.8,-1.84,63.02,4505,480437,-12.92,-2.56,64.62,303686,-13.81,-1.65,64.35,253948,-14.3,-1.5,62.1,228422,-15.5,-2.02,63.13
2009,1,253093,-15.24,-0.31,62.83,3269,484980,-13.77,0.95,65.23,300817,-15.03,-0.94,63.75,250089,-16.15,-1.52,61.15,229353,-14.92,0.41,63.39
2009,2,249847,-15.51,-1.28,62.02,3251,465160,-15.88,-4.09,62.57,296380,-15.61,-1.48,62.81,247380,-16.04,-1.08,60.49,226949,-15.1,-1.05,62.72
2009,3,247264,-15.78,-1.03,61.38,4097,460766,-15.91,-0.94,61.98,291834,-16.52,-1.53,61.84,244007,-17.23,-1.36,59.67,225466,-14.67,-0.65,62.31
2009,4,245351,-16.65,-0.77,60.9,4323,456683,-18.11,-0.89,61.43,291883,-16.49,0.02,61.85,243875,-17.25,-0.05,59.63,222092,-16.25,-1.5,61.38
2009,5,249991,-15.3,1.89,62.06,5011,462317,-15.95,1.23,62.18,295985,-15.62,1.41,62.72,248103,-15.98,1.73,60.67,227052,-14.74,2.23,62.75
2009,6,253596,-12.58,1.44,62.95,6001,468537,-13.64,1.35,63.02,299623,-13.13,1.23,63.49,254191,-12.92,2.45,62.16,229061,-12.19,0.88,63.3
2009,7,259793,-10.5,2.44,64.49,7900,484437,-11.31,3.39,65.16,310207,-9.69,3.53,65.74,261258,-9.54,2.78,63.88,233071,-11.29,1.75,64.41
2009,8,262076,-6.97,0.88,65.06,7548,491850,-7.6,1.53,66.16,314236,-6.42,1.3,66.59,263938,-6.17,1.03,64.54,234400,-7.71,0.57,64.78
2009,9,267501,-3.25,2.07,66.4,7920,497220,-5.15,1.09,66.88,316791,-3.07,0.81,67.13,267705,-2.5,1.43,65.46,241515,-3.57,3.04,66.75
2009,10,268780,0.67,0.48,66.72,8449,504815,-0.37,1.53,67.9,321628,1.73,1.53,68.16,270498,2.88,1.04,66.14,240658,-0.88,-0.35,66.51
2009,11,266837,3.17,-0.72,66.24,7962,501064,1.63,-0.74,67.4,318077,3.01,-1.1,67.4,270130,4.78,-0.14,66.05,238347,2.24,-0.96,65.87
2009,12,270118,6.4,1.23,67.05,9500,502617,4.62,0.31,67.6,323927,6.67,1.84,68.64,273328,7.63,1.18,66.84,241063,5.53,1.14,66.62
2010,1,279724,10.52,3.56,69.44,6212,525410,8.34,4.53,70.67,335145,11.41,3.46,71.02,283569,13.39,3.75,69.34,249180,8.64,3.37,68.86
2010,2,278753,11.57,-0.35,69.2,6312,524431,12.74,-0.19,70.54,335551,13.22,0.12,71.11,282885,14.35,-0.24,69.17,247719,9.15,-0.59,68.46
2010,3,280472,13.43,0.62,69.62,7308,532768,15.63,1.59,71.66,335940,15.11,0.12,71.19,281836,15.5,-0.37,68.92,250903,11.28,1.29,69.34
2010,4,281981,14.93,0.54,70,7032,530526,16.17,-0.42,71.36,337788,15.73,0.55,71.58,284471,16.65,0.93,69.56,251899,13.42,0.4,69.62
2010,5,281762,12.71,-0.08,69.94,7106,532230,15.12,0.32,71.59,337877,14.15,0.03,71.6,285520,15.08,0.37,69.82,250835,10.47,-0.42,69.32
2010,6,284541,12.2,0.99,70.63,8756,536235,14.45,0.75,72.13,340019,13.48,0.63,72.05,288347,13.44,0.99,70.51,253666,10.74,1.13,70.1
2010,7,292772,12.69,2.89,72.68,9461,560177,15.63,4.46,75.35,351466,13.3,3.37,74.48,298269,14.17,3.44,72.94,259349,11.27,2.24,71.68
2010,8,290646,10.9,-0.73,72.15,8570,552684,12.37,-1.34,74.34,352306,12.12,0.24,74.66,295010,11.77,-1.09,72.14,257356,9.79,-0.77,71.12
2010,9,290093,8.45,-0.19,72.01,8194,559284,12.48,1.19,75.23,350133,10.52,-0.62,74.2,294941,10.17,-0.02,72.12,256612,6.25,-0.29,70.92
2010,10,286131,6.46,-1.37,71.03,7871,548402,8.63,-1.95,73.76,345578,7.45,-1.3,73.23,289873,7.16,-1.72,70.88,253754,5.44,-1.11,70.13
2010,11,282290,5.79,-1.34,70.07,7663,545732,8.91,-0.49,73.4,343402,7.96,-0.63,72.77,284672,5.38,-1.79,69.61,250196,4.97,-1.4,69.15
2010,12,285353,5.64,1.09,70.83,7448,545247,8.48,-0.09,73.34,344640,6.39,0.36,73.03,287916,5.34,1.14,70.4,253763,5.27,1.43,70.13
2011,1,287983,2.95,0.92,71.49,5870,561353,6.84,2.95,75.5,347089,3.56,0.71,73.55,291581,2.83,1.27,71.3,255214,2.42,0.57,70.53
2011,2,285227,2.32,-0.96,70.8,5796,556285,6.07,-0.9,74.82,343860,2.48,-0.93,72.87,286549,1.3,-1.73,70.07,253953,2.52,-0.49,70.18
2011,3,287092,2.36,0.65,71.27,6675,559907,5.09,0.65,75.31,342214,1.87,-0.48,72.52,287434,1.99,0.31,70.29,257165,2.5,1.26,71.07
2011,4,293993,4.26,2.4,72.98,6903,556813,4.95,-0.55,74.89,346657,2.63,1.3,73.46,295121,3.74,2.67,72.17,264752,5.1,2.95,73.17
2011,5,284722,1.05,-3.15,70.68,6460,539789,1.42,-3.06,72.6,342357,1.33,-1.24,72.55,286936,0.5,-2.77,70.16,254026,1.27,-4.05,70.2
2011,6,285906,0.48,0.42,70.97,7846,534579,-0.31,-0.97,71.9,340812,0.23,-0.45,72.22,287950,-0.14,0.35,70.41,256336,1.05,0.91,70.84
2011,7,295843,1.05,3.48,73.44,8742,555115,-0.9,3.84,74.67,350495,-0.28,2.84,74.27,298117,-0.05,3.53,72.9,265623,2.42,3.62,73.41
2011,8,294903,1.46,-0.32,73.2,8998,558789,1.1,0.66,75.16,354046,0.49,1.01,75.02,299996,1.69,0.63,73.36,261746,1.71,-1.46,72.34
2011,9,295358,1.81,0.15,73.32,8707,566622,1.31,1.4,76.21,353417,0.94,-0.18,74.89,299513,1.55,-0.16,73.24,262610,2.34,0.33,72.58
2011,10,292267,2.14,-1.05,72.55,7871,565503,3.12,-0.2,76.06,354002,2.44,0.17,75.02,294911,1.74,-1.54,72.11,259320,2.19,-1.25,71.67
2011,11,291036,3.1,-0.42,72.24,7956,559120,2.45,-1.13,75.2,348955,1.62,-1.43,73.95,291888,2.53,-1.02,71.37,260317,4.04,0.38,71.94
2011,12,292284,2.43,0.43,72.55,8217,553602,1.53,-0.99,74.46,350948,1.83,0.57,74.37,294428,2.26,0.87,72,261000,2.85,0.26,72.13
2012,1,294360,2.21,0.71,73.07,6531,554780,-1.17,0.21,74.62,352985,1.7,0.58,74.8,297924,2.18,1.19,72.85,262346,2.79,0.52,72.5
2012,2,292381,2.51,-0.67,72.58,6659,569459,2.37,2.65,76.59,354995,3.24,0.57,75.23,297507,3.82,-0.14,72.75,257937,1.57,-1.68,71.28
2012,3,290379,1.14,-0.69,72.08,9099,544127,-2.82,-4.45,73.19,345599,0.99,-2.65,73.23,294550,2.48,-0.99,72.03,259216,0.8,0.5,71.64
2012,4,299065,1.73,2.99,74.24,5961,561806,0.9,3.25,75.57,354724,2.33,2.64,75.17,301792,2.26,2.46,73.8,267993,1.22,3.39,74.06
2012,5,304081,6.8,1.68,75.48,7374,570424,5.68,1.53,76.72,361779,5.67,1.99,76.66,308408,7.48,2.19,75.41,271470,6.87,1.3,75.02
2012,6,306823,7.32,0.9,76.16,8132,567821,6.22,-0.46,76.37,361738,6.14,-0.01,76.65,312798,8.63,1.42,76.49,274239,6.98,1.02,75.79
2012,7,308962,4.43,0.7,76.69,8751,580113,4.5,2.16,78.03,366704,4.62,1.37,77.71,315144,5.71,0.75,77.06,275099,3.57,0.31,76.03
2012,8,310043,5.13,0.35,76.96,9073,582142,4.18,0.35,78.3,368878,4.19,0.59,78.17,316895,5.63,0.56,77.49,275527,5.26,0.16,76.15
2012,9,308469,4.44,-0.51,76.57,7906,579776,2.32,-0.41,77.98,365664,3.47,-0.87,77.49,314230,4.91,-0.84,76.84,274948,4.7,-0.21,75.99
2012,10,310281,6.16,0.59,77.02,8146,580841,2.71,0.18,78.13,367792,3.9,0.58,77.94,314956,6.8,0.23,77.02,277248,6.91,0.84,76.62
2012,11,308540,6.01,-0.56,76.59,8626,579766,3.69,-0.19,77.98,366472,5.02,-0.36,77.66,313951,7.56,-0.32,76.77,275027,5.65,-0.8,76.01
2012,12,313744,7.34,1.69,77.88,7601,584430,5.57,0.8,78.61,368743,5.07,0.62,78.14,319691,8.58,1.83,78.17,280600,7.51,2.03,77.55
2013,1,311364,5.78,-0.76,77.29,6834,585417,5.52,0.17,78.74,371472,5.24,0.74,78.72,316619,6.27,-0.96,77.42,277251,5.68,-1.19,76.62
2013,2,313550,7.24,0.7,77.83,6693,584924,2.72,-0.08,78.67,369428,4.07,-0.55,78.28,318273,6.98,0.52,77.83,280689,8.82,1.24,77.57
2013,3,312289,7.55,-0.4,77.52,7663,587252,7.93,0.4,78.99,369862,7.02,0.12,78.38,317191,7.69,-0.34,77.56,278831,7.57,-0.66,77.06
2013,4,320921,7.31,2.76,79.66,7388,592752,5.51,0.94,79.73,374400,5.55,1.23,79.34,325254,7.77,2.54,79.53,288624,7.7,3.51,79.77
2013,5,322324,6,0.44,80.01,9010,600796,5.32,1.36,80.81,379979,5.03,1.49,80.52,327099,6.06,0.57,79.98,288559,6.29,-0.02,79.75
2013,6,324518,5.77,0.68,80.56,8930,600375,5.73,-0.07,80.75,380448,5.17,0.12,80.62,330385,5.62,1,80.79,290694,6,0.74,80.34
2013,7,332988,7.78,2.61,82.66,10889,612056,5.51,1.95,82.32,388303,5.89,2.06,82.28,339351,7.68,2.71,82.98,298764,8.6,2.78,82.57
2013,8,335743,8.29,0.83,83.34,11153,621017,6.68,1.46,83.53,394860,7.04,1.69,83.67,343054,8.25,1.09,83.89,299890,8.84,0.38,82.88
2013,9,340494,10.38,1.42,84.52,10276,627915,8.3,1.11,84.46,394236,7.81,-0.16,83.54,346089,10.14,0.88,84.63,306464,11.46,2.19,84.7
2013,10,340045,9.59,-0.13,84.41,10935,629328,8.35,0.22,84.65,398386,8.32,1.05,84.42,343921,9.2,-0.63,84.1,305736,10.28,-0.24,84.49
2013,11,343749,11.41,1.09,85.33,11427,631279,8.89,0.31,84.91,401464,9.55,0.77,85.07,348311,10.94,1.28,85.17,309270,12.45,1.16,85.47
2013,12,352028,12.2,2.41,87.38,10775,632546,8.23,0.2,85.08,405661,10.01,1.05,85.96,355889,11.32,2.18,87.02,319009,13.69,3.15,88.16
2014,1,355830,14.28,1.08,88.33,9966,651986,11.37,3.07,87.69,413770,11.39,2,87.68,360184,13.76,1.21,88.08,320787,15.7,0.56,88.65
2014,2,357876,14.14,0.58,88.84,9363,657774,12.45,0.89,88.47,415632,12.51,0.45,88.08,361192,13.49,0.28,88.32,323086,15.1,0.72,89.29
2014,3,361400,15.73,0.98,89.71,9537,656427,11.78,-0.2,88.29,417649,12.92,0.49,88.5,365214,15.14,1.11,89.31,326778,17.2,1.14,90.31
2014,4,375337,16.96,3.86,93.17,9809,688122,16.09,4.83,92.56,435644,16.36,4.31,92.32,381773,17.38,4.53,93.35,337738,17.02,3.35,93.34
2014,5,382705,18.73,1.96,95,10155,692487,15.26,0.63,93.14,441186,16.11,1.27,93.49,388249,18.69,1.7,94.94,345723,19.81,2.36,95.55
2014,6,387182,19.31,1.17,96.11,10486,699099,16.44,0.95,94.03,446329,17.32,1.17,94.58,393924,19.23,1.46,96.33,349362,20.18,1.05,96.55
2014,7,398737,19.75,2.98,98.98,11340,728491,19.02,4.2,97.99,465103,19.78,4.21,98.56,407975,20.22,3.57,99.76,357492,19.66,2.33,98.8
2014,8,404754,20.56,1.51,100.47,11243,739313,19.05,1.49,99.44,471552,19.42,1.39,99.93,414689,20.88,1.65,101.4,362768,20.97,1.48,100.26
2014,9,403670,18.55,-0.27,100.2,10437,738828,17.66,-0.07,99.38,468585,18.86,-0.63,99.3,411840,19,-0.69,100.71,362757,18.37,0,100.25
2014,10,402300,18.31,-0.34,99.86,10773,741040,17.75,0.3,99.67,470849,18.19,0.48,99.78,410173,19.26,-0.4,100.3,360746,17.99,-0.55,99.7
2014,11,400803,16.6,-0.37,99.49,9095,743115,17.72,0.28,99.95,472027,17.58,0.25,100.03,409211,17.48,-0.23,100.06,358450,15.9,-0.64,99.06
2014,12,402898,14.45,0.52,100.01,9745,739606,16.93,-0.47,99.48,469349,15.7,-0.57,99.46,409482,15.06,0.07,100.13,362322,13.58,1.08,100.13
2015,1,402847,13.21,-0.01,100,8142,743471,14.03,0.52,100,471904,14.05,0.54,100,408951,13.54,-0.13,100,361840,12.8,-0.13,100
2015,2,404773,13.1,0.48,100.48,7937,748417,13.78,0.67,100.67,473702,13.97,0.38,100.38,410966,13.78,0.49,100.49,363574,12.53,0.48,100.48
2015,3,404706,11.98,-0.02,100.46,8847,746670,13.75,-0.23,100.43,474072,13.51,0.08,100.46,410639,12.44,-0.08,100.41,363615,11.27,0.01,100.49
2015,4,410445,9.35,1.42,101.89,8323,759614,10.39,1.73,102.17,480438,10.28,1.34,101.81,419154,9.79,2.07,102.49,367469,8.8,1.06,101.56
2015,5,415817,8.65,1.31,103.22,9059,758190,9.49,-0.19,101.98,485444,10.03,1.04,102.87,422193,8.74,0.73,103.24,374213,8.24,1.84,103.42
2015,6,419474,8.34,0.88,104.13,10721,772089,10.44,1.83,103.85,493081,10.47,1.57,104.49,431687,9.59,2.25,105.56,373769,6.99,-0.12,103.3
2015,7,431644,8.25,2.9,107.15,11980,787783,8.14,2.03,105.96,506181,8.83,2.66,107.26,443661,8.75,2.77,108.49,385416,7.81,3.12,106.52
2015,8,436152,7.76,1.04,108.27,10499,805864,9,2.3,108.39,514997,9.21,1.74,109.13,448942,8.26,1.19,109.78,387978,6.95,0.66,107.22
2015,9,439729,8.93,0.82,109.16,10686,820565,11.06,1.82,110.37,517030,10.34,0.39,109.56,450734,9.44,0.4,110.22,392127,8.1,1.07,108.37
2015,10,440484,9.49,0.17,109.34,10926,824799,11.3,0.52,110.94,525228,11.55,1.59,111.3,455397,11.03,1.03,111.36,389400,7.94,-0.7,107.62
2015,11,445485,11.15,1.14,110.58,9752,828661,11.51,0.47,111.46,528318,11.93,0.59,111.95,458454,12.03,0.67,112.1,395612,10.37,1.6,109.33
2015,12,450053,11.7,1.03,111.72,9700,844884,14.23,1.96,113.64,536465,14.3,1.54,113.68,462912,13.05,0.97,113.2,398893,10.09,0.83,110.24
2016,1,457466,13.56,1.65,113.56,7927,846956,13.92,0.25,113.92,546758,15.86,1.92,115.86,470317,15.01,1.6,115.01,405793,12.15,1.73,112.15
2016,2,457759,13.09,0.06,113.63,8208,863896,15.43,2,116.2,550400,16.19,0.67,116.63,472651,15.01,0.5,115.58,403745,11.05,-0.5,111.58
2016,3,464647,14.81,1.5,115.34,17501,873391,16.97,1.1,117.47,549954,16.01,-0.08,116.54,477329,16.24,0.99,116.72,412842,13.54,2.25,114.1
2016,4,461068,12.33,-0.77,114.45,5746,859832,13.19,-1.55,115.65,551600,14.81,0.3,116.89,477313,13.88,0,116.72,407094,10.78,-1.39,112.51
2016,5,467485,12.43,1.39,116.05,6617,864839,14.07,0.58,116.32,557920,14.93,1.15,118.23,481745,14.11,0.93,117.8,414351,10.73,1.78,114.51
2016,6,468120,11.6,0.14,116.2,8464,885121,14.64,2.35,119.05,560281,13.63,0.42,118.73,483455,11.99,0.35,118.22,413275,10.57,-0.26,114.21
2016,7,475530,10.17,1.58,118.04,8794,893103,13.37,0.9,120.13,572688,13.14,2.21,121.36,493363,11.2,2.05,120.64,418347,8.54,1.23,115.62
2016,8,471957,8.21,-0.75,117.16,8535,889075,10.33,-0.45,119.58,568552,10.4,-0.72,120.48,488355,8.78,-1.02,119.42,415648,7.13,-0.65,114.87
2016,9,471767,7.29,-0.04,117.11,8275,883706,7.69,-0.6,118.86,565376,9.35,-0.56,119.81,486660,7.97,-0.35,119,416967,6.33,0.32,115.24
2016,10,471008,6.93,-0.16,116.92,8100,883336,7.1,-0.04,118.81,565977,7.76,0.11,119.93,482452,5.94,-0.86,117.97,417532,7.22,0.14,115.39
2016,11,470854,5.69,-0.03,116.88,8178,886553,6.99,0.36,119.25,562093,6.39,-0.69,119.11,480836,4.88,-0.34,117.58,418660,5.83,0.27,115.7
2016,12,472374,4.96,0.32,117.26,8460,887005,4.99,0.05,119.31,562272,4.81,0.03,119.15,483479,4.44,0.55,118.22,419937,5.28,0.31,116.06
2017,1,475619,3.97,0.69,118.06,6931,893279,5.47,0.71,120.15,568911,4.05,1.18,120.56,487710,3.7,0.88,119.26,421834,3.95,0.45,116.58
2017,2,476717,4.14,0.23,118.34,7108,887959,2.79,-0.6,119.43,563242,2.33,-1,119.36,482631,2.11,-1.04,118.02,427256,5.82,1.29,118.08
2017,3,475442,2.32,-0.27,118.02,8659,893859,2.34,0.66,120.23,566834,3.07,0.64,120.12,485460,1.7,0.59,118.71,422917,2.44,-1.02,116.88
2017,4,479790,4.06,0.91,119.1,7120,899133,4.57,0.59,120.94,567701,2.92,0.15,120.3,488136,2.27,0.55,119.36,428541,5.27,1.33,118.43
2017,5,480902,2.87,0.23,119.38,7874,890430,2.96,-0.97,119.77,571569,2.45,0.68,121.12,487874,1.27,-0.05,119.3,430111,3.8,0.37,118.87
2017,6,480152,2.57,-0.16,119.19,9192,890539,0.61,0.01,119.78,569116,1.58,-0.43,120.6,490877,1.54,0.62,120.03,428001,3.56,-0.49,118.28
2017,7,488527,2.73,1.74,121.27,8494,903023,1.11,1.4,121.46,582307,1.68,2.32,123.4,499705,1.29,1.8,122.19,434837,3.94,1.6,120.17
2017,8,487085,3.21,-0.3,120.91,8921,904655,1.75,0.18,121.68,579880,1.99,-0.42,122.88,501173,2.62,0.29,122.55,432209,3.98,-0.6,119.45
2017,9,483833,2.56,-0.67,120.1,8239,913220,3.34,0.95,122.83,578519,2.32,-0.23,122.59,496318,1.98,-0.97,121.36,428892,2.86,-0.77,118.53
2017,10,481762,2.28,-0.43,119.59,7990,908782,2.88,-0.49,122.24,580410,2.55,0.33,122.99,494013,2.4,-0.46,120.8,426315,2.1,-0.6,117.82
2017,11,476290,1.15,-1.14,118.23,7629,892900,0.72,-1.75,120.1,573421,2.02,-1.2,121.51,488341,1.56,-1.15,119.41,421807,0.75,-1.06,116.57
2017,12,476848,0.95,0.12,118.37,7883,899100,1.36,0.69,120.93,573194,1.94,-0.04,121.46,489692,1.29,0.28,119.74,421917,0.47,0.03,116.6
2018,1,479780,0.87,0.61,119.1,6584,895418,0.24,-0.41,120.44,576806,1.39,0.63,122.23,490664,0.61,0.2,119.98,425777,0.93,0.91,117.67
2018,2,477598,0.18,-0.45,118.56,6380,896598,0.97,0.13,120.6,573091,1.75,-0.64,121.44,488453,1.21,-0.45,119.44,423837,-0.8,-0.46,117.13
2018,3,474257,-0.25,-0.7,117.73,7333,887811,-0.68,-0.98,119.41,570892,0.72,-0.38,120.98,487126,0.34,-0.27,119.12,419842,-0.73,-0.94,116.03
2018,4,477543,-0.47,0.69,118.54,6474,898342,-0.09,1.19,120.83,577509,1.73,1.16,122.38,492130,0.82,1.03,120.34,421509,-1.64,0.4,116.49
2018,5,479402,-0.31,0.39,119,6919,902230,1.33,0.43,121.35,579435,1.38,0.33,122.79,495863,1.64,0.76,121.25,422504,-1.77,0.24,116.77
2018,6,479920,-0.05,0.11,119.13,7957,909666,2.15,0.82,122.35,586208,3,1.17,124.22,496344,1.11,0.1,121.37,421693,-1.47,-0.19,116.54
2018,7,485065,-0.71,1.07,120.41,8154,926155,2.56,1.81,124.57,590328,1.38,0.7,125.09,503925,0.84,1.53,123.22,425503,-2.15,0.9,117.59
2018,8,481837,-1.08,-0.67,119.61,8692,913172,0.94,-1.4,122.83,583120,0.56,-1.22,123.57,498990,-0.44,-0.98,122.02,424068,-1.88,-0.34,117.2
2018,9,477467,-1.32,-0.91,118.52,7210,914703,0.16,0.17,123.03,582683,0.72,-0.07,123.47,496340,0,-0.53,121.37,418341,-2.46,-1.35,115.61
2018,10,481065,-0.14,0.75,119.42,7235,918244,1.04,0.39,123.51,584883,0.77,0.38,123.94,499809,1.17,0.7,122.22,422087,-0.99,0.9,116.65
2018,11,474318,-0.41,-1.4,117.74,6888,913457,2.3,-0.52,122.86,578798,0.94,-1.04,122.65,494126,1.18,-1.14,120.83,415030,-1.61,-1.67,114.7
2018,12,473574,-0.69,-0.16,117.56,,901968,0.32,-1.26,121.32,579688,1.13,0.15,122.84,491680,0.41,-0.49,120.23,415043,-1.63,0,114.7
2019,1,472230,-1.57,-0.28,117.22,,906825,1.27,0.54,121.97,575903,-0.16,-0.65,122.04,488242,-0.49,-0.7,119.39,414742,-2.59,-0.07,114.62